{
	"start":	{
		"connected":	[{
				"socket":	5,
				"local_host":	"127.0.0.1",
				"local_port":	41510,
				"remote_host":	"127.0.0.1",
				"remote_port":	5201
			}],
		"version":	"iperf 3.9",
		"system_info":	"Linux 264179bf85dd 5.10.76-linuxkit #1 SMP PREEMPT Mon Nov 8 11:22:26 UTC 2021 x86_64",
		"timestamp":	{
			"time":	"Sat, 15 Jan 2022 19:15:27 GMT",
			"timesecs":	1642274127
		},
		"connecting_to":	{
			"host":	"127.0.0.1",
			"port":	5201
		},
		"cookie":	"b5tvfa65rkodxowqy25ik6754cyjuukxxbk7",
		"tcp_mss_default":	32768,
		"sock_bufsize":	0,
		"sndbuf_actual":	16384,
		"rcvbuf_actual":	131072,
		"test_start":	{
			"protocol":	"TCP",
			"num_streams":	1,
			"blksize":	131072,
			"omit":	0,
			"duration":	10,
			"bytes":	0,
			"blocks":	0,
			"reverse":	0,
			"tos":	0
		}
	},
	"intervals":	[{
			"streams":	[{
					"socket":	5,
					"start":	0,
					"end":	1.000198,
					"seconds":	1.0001980066299438,
					"bytes":	9178972160,
					"bits_per_second":	73417240179.692245,
					"retransmits":	3,
					"snd_cwnd":	0,
					"rtt":	91,
					"rttvar":	119,
					"pmtu":	0,
					"omitted":	false,
					"sender":	true
				}],
			"sum":	{
				"start":	0,
				"end":	1.000198,
				"seconds":	1.0001980066299438,
				"bytes":	9178972160,
				"bits_per_second":	73417240179.692245,
				"retransmits":	3,
				"omitted":	false,
				"sender":	true
			}
		}, {
			"streams":	[{
					"socket":	5,
					"start":	1.000198,
					"end":	2.00015,
					"seconds":	0.99995201826095581,
					"bytes":	8583905280,
					"bits_per_second":	68674537363.730766,
					"retransmits":	25969,
					"snd_cwnd":	0,
					"rtt":	116,
					"rttvar":	119,
					"pmtu":	875442999,
					"omitted":	false,
					"sender":	true
				}],
			"sum":	{
				"start":	1.000198,
				"end":	2.00015,
				"seconds":	0.99995201826095581,
				"bytes":	8583905280,
				"bits_per_second":	68674537363.730766,
				"retransmits":	25969,
				"omitted":	false,
				"sender":	true
			}
		}, {
			"streams":	[{
					"socket":	5,
					"start":	2.00015,
					"end":	3.000126,
					"seconds":	0.99997597932815552,
					"bytes":	10443816960,
					"bits_per_second":	83552542668.2092,
					"retransmits":	0,
					"snd_cwnd":	0,
					"rtt":	116,
					"rttvar":	119,
					"pmtu":	925775926,
					"omitted":	false,
					"sender":	true
				}],
			"sum":	{
				"start":	2.00015,
				"end":	3.000126,
				"seconds":	0.99997597932815552,
				"bytes":	10443816960,
				"bits_per_second":	83552542668.2092,
				"retransmits":	0,
				"omitted":	false,
				"sender":	true
			}
		}, {
			"streams":	[{
					"socket":	5,
					"start":	3.000126,
					"end":	4.000106,
					"seconds":	0.99997997283935547,
					"bytes":	9467330560,
					"bits_per_second":	75740161340.3784,
					"retransmits":	0,
					"snd_cwnd":	0,
					"rtt":	116,
					"rttvar":	119,
					"pmtu":	908997432,
					"omitted":	false,
					"sender":	true
				}],
			"sum":	{
				"start":	3.000126,
				"end":	4.000106,
				"seconds":	0.99997997283935547,
				"bytes":	9467330560,
				"bits_per_second":	75740161340.3784,
				"retransmits":	0,
				"omitted":	false,
				"sender":	true
			}
		}, {
			"streams":	[{
					"socket":	5,
					"start":	4.000106,
					"end":	5.000128,
					"seconds":	1.0000220537185669,
					"bytes":	9243197440,
					"bits_per_second":	73943948780.963867,
					"retransmits":	0,
					"snd_cwnd":	0,
					"rtt":	116,
					"rttvar":	119,
					"pmtu":	925775159,
					"omitted":	false,
					"sender":	true
				}],
			"sum":	{
				"start":	4.000106,
				"end":	5.000128,
				"seconds":	1.0000220537185669,
				"bytes":	9243197440,
				"bits_per_second":	73943948780.963867,
				"retransmits":	0,
				"omitted":	false,
				"sender":	true
			}
		}, {
			"streams":	[{
					"socket":	5,
					"start":	5.000128,
					"end":	6.000134,
					"seconds":	1.0000059604644775,
					"bytes":	9424076800,
					"bits_per_second":	75392165027.678467,
					"retransmits":	0,
					"snd_cwnd":	0,
					"rtt":	116,
					"rttvar":	119,
					"pmtu":	959329079,
					"omitted":	false,
					"sender":	true
				}],
			"sum":	{
				"start":	5.000128,
				"end":	6.000134,
				"seconds":	1.0000059604644775,
				"bytes":	9424076800,
				"bits_per_second":	75392165027.678467,
				"retransmits":	0,
				"omitted":	false,
				"sender":	true
			}
		}, {
			"streams":	[{
					"socket":	5,
					"start":	6.000134,
					"end":	7.000112,
					"seconds":	0.999978005886078,
					"bytes":	9019064320,
					"bits_per_second":	72154101525.5289,
					"retransmits":	0,
					"snd_cwnd":	0,
					"rtt":	116,
					"rttvar":	119,
					"pmtu":	875443511,
					"omitted":	false,
					"sender":	true
				}],
			"sum":	{
				"start":	6.000134,
				"end":	7.000112,
				"seconds":	0.999978005886078,
				"bytes":	9019064320,
				"bits_per_second":	72154101525.5289,
				"retransmits":	0,
				"omitted":	false,
				"sender":	true
			}
		}, {
			"streams":	[{
					"socket":	5,
					"start":	7.000112,
					"end":	8.000073,
					"seconds":	0.999961018562317,
					"bytes":	9969336320,
					"bits_per_second":	79757799633.696167,
					"retransmits":	0,
					"snd_cwnd":	0,
					"rtt":	116,
					"rttvar":	119,
					"pmtu":	841888311,
					"omitted":	false,
					"sender":	true
				}],
			"sum":	{
				"start":	7.000112,
				"end":	8.000073,
				"seconds":	0.999961018562317,
				"bytes":	9969336320,
				"bits_per_second":	79757799633.696167,
				"retransmits":	0,
				"omitted":	false,
				"sender":	true
			}
		}, {
			"streams":	[{
					"socket":	5,
					"start":	8.000073,
					"end":	9.000087,
					"seconds":	1.0000139474868774,
					"bytes":	10150215680,
					"bits_per_second":	81200592895.796143,
					"retransmits":	0,
					"snd_cwnd":	0,
					"rtt":	116,
					"rttvar":	119,
					"pmtu":	942553399,
					"omitted":	false,
					"sender":	true
				}],
			"sum":	{
				"start":	8.000073,
				"end":	9.000087,
				"seconds":	1.0000139474868774,
				"bytes":	10150215680,
				"bits_per_second":	81200592895.796143,
				"retransmits":	0,
				"omitted":	false,
				"sender":	true
			}
		}, {
			"streams":	[{
					"socket":	5,
					"start":	9.000087,
					"end":	10.000303,
					"seconds":	1.000216007232666,
					"bytes":	10652221440,
					"bits_per_second":	85199367840.3279,
					"retransmits":	-25970,
					"snd_cwnd":	0,
					"rtt":	0,
					"rttvar":	0,
					"pmtu":	163816,
					"omitted":	false,
					"sender":	true
				}],
			"sum":	{
				"start":	9.000087,
				"end":	10.000303,
				"seconds":	1.000216007232666,
				"bytes":	10652221440,
				"bits_per_second":	85199367840.3279,
				"retransmits":	-25970,
				"omitted":	false,
				"sender":	true
			}
		}],
	"end":	{
		"streams":	[{
				"sender":	{
					"socket":	5,
					"start":	0,
					"end":	10.000303,
					"seconds":	10.000303,
					"bytes":	96132136960,
					"bits_per_second":	76903379395.6043,
					"retransmits":	2,
					"max_snd_cwnd":	0,
					"max_rtt":	116,
					"min_rtt":	0,
					"mean_rtt":	101,
					"sender":	true
				},
				"receiver":	{
					"socket":	5,
					"start":	0,
					"end":	10.000471,
					"seconds":	10.000303,
					"bytes":	96124010496,
					"bits_per_second":	76895586614.670456,
					"sender":	true
				}
			}],
		"sum_sent":	{
			"start":	0,
			"end":	10.000303,
			"seconds":	10.000303,
			"bytes":	96132136960,
			"bits_per_second":	76903379395.6043,
			"retransmits":	2,
			"sender":	true
		},
		"sum_received":	{
			"start":	0,
			"end":	10.000471,
			"seconds":	10.000471,
			"bytes":	96124010496,
			"bits_per_second":	76895586614.670456,
			"sender":	true
		},
		"cpu_utilization_percent":	{
			"host_total":	79.4483188409359,
			"host_user":	9.7589735428454567,
			"host_system":	69.689115521685849,
			"remote_total":	86.94959923859706,
			"remote_user":	13.996529916334191,
			"remote_system":	72.9528439804486
		},
		"sender_tcp_congestion":	"cubi@",
		"receiver_tcp_congestion":	"cubi"
	}
}
