{
	"start":	{
		"connected":	[{
				"socket":	5,
				"local_host":	"172.17.0.2",
				"local_port":	52628,
				"remote_host":	"192.168.0.62",
				"remote_port":	5201
			}],
		"version":	"iperf 3.9",
		"system_info":	"Linux 264179bf85dd 5.10.76-linuxkit #1 SMP PREEMPT Mon Nov 8 11:22:26 UTC 2021 x86_64",
		"timestamp":	{
			"time":	"Sat, 15 Jan 2022 21:37:00 GMT",
			"timesecs":	1642282620
		},
		"connecting_to":	{
			"host":	"192.168.0.62",
			"port":	5201
		},
		"cookie":	"ploihuikdkyiso3tdpmyxofh6jcistmv2gab",
		"tcp_mss_default":	1460,
		"sock_bufsize":	0,
		"sndbuf_actual":	16384,
		"rcvbuf_actual":	131072,
		"test_start":	{
			"protocol":	"TCP",
			"num_streams":	1,
			"blksize":	131072,
			"omit":	0,
			"duration":	10,
			"bytes":	0,
			"blocks":	0,
			"reverse":	0,
			"tos":	0
		}
	},
	"intervals":	[{
			"streams":	[{
					"socket":	5,
					"start":	0,
					"end":	1.000758,
					"seconds":	1.0007580518722534,
					"bytes":	1387000,
					"bits_per_second":	11087595.027830366,
					"retransmits":	3,
					"snd_cwnd":	0,
					"rtt":	91,
					"rttvar":	119,
					"pmtu":	0,
					"omitted":	false,
					"sender":	true
				}],
			"sum":	{
				"start":	0,
				"end":	1.000758,
				"seconds":	1.0007580518722534,
				"bytes":	1387000,
				"bits_per_second":	11087595.027830366,
				"retransmits":	3,
				"omitted":	false,
				"sender":	true
			}
		}, {
			"streams":	[{
					"socket":	5,
					"start":	1.000758,
					"end":	2.00045,
					"seconds":	0.99969202280044556,
					"bytes":	1349040,
					"bits_per_second":	10795644.812456725,
					"retransmits":	25969,
					"snd_cwnd":	0,
					"rtt":	116,
					"rttvar":	119,
					"pmtu":	825110833,
					"omitted":	false,
					"sender":	true
				}],
			"sum":	{
				"start":	1.000758,
				"end":	2.00045,
				"seconds":	0.99969202280044556,
				"bytes":	1349040,
				"bits_per_second":	10795644.812456725,
				"retransmits":	25969,
				"omitted":	false,
				"sender":	true
			}
		}, {
			"streams":	[{
					"socket":	5,
					"start":	2.00045,
					"end":	3.001016,
					"seconds":	1.0005660057067871,
					"bytes":	1284800,
					"bits_per_second":	10272585.657894172,
					"retransmits":	0,
					"snd_cwnd":	0,
					"rtt":	116,
					"rttvar":	119,
					"pmtu":	942551089,
					"omitted":	false,
					"sender":	true
				}],
			"sum":	{
				"start":	2.00045,
				"end":	3.001016,
				"seconds":	1.0005660057067871,
				"bytes":	1284800,
				"bits_per_second":	10272585.657894172,
				"retransmits":	0,
				"omitted":	false,
				"sender":	true
			}
		}, {
			"streams":	[{
					"socket":	5,
					"start":	3.001016,
					"end":	4.002468,
					"seconds":	1.0014519691467285,
					"bytes":	963600,
					"bits_per_second":	7697623.2884819852,
					"retransmits":	0,
					"snd_cwnd":	0,
					"rtt":	116,
					"rttvar":	119,
					"pmtu":	858665009,
					"omitted":	false,
					"sender":	true
				}],
			"sum":	{
				"start":	3.001016,
				"end":	4.002468,
				"seconds":	1.0014519691467285,
				"bytes":	963600,
				"bits_per_second":	7697623.2884819852,
				"retransmits":	0,
				"omitted":	false,
				"sender":	true
			}
		}, {
			"streams":	[{
					"socket":	5,
					"start":	4.002468,
					"end":	5.000329,
					"seconds":	0.99786102771759033,
					"bytes":	642400,
					"bits_per_second":	5150216.1696352679,
					"retransmits":	0,
					"snd_cwnd":	0,
					"rtt":	116,
					"rttvar":	119,
					"pmtu":	808922679,
					"omitted":	false,
					"sender":	true
				}],
			"sum":	{
				"start":	4.002468,
				"end":	5.000329,
				"seconds":	0.99786102771759033,
				"bytes":	642400,
				"bits_per_second":	5150216.1696352679,
				"retransmits":	0,
				"omitted":	false,
				"sender":	true
			}
		}, {
			"streams":	[{
					"socket":	5,
					"start":	5.000329,
					"end":	6.000687,
					"seconds":	1.000357985496521,
					"bytes":	706640,
					"bits_per_second":	5651096.98923842,
					"retransmits":	0,
					"snd_cwnd":	0,
					"rtt":	116,
					"rttvar":	119,
					"pmtu":	892415541,
					"omitted":	false,
					"sender":	true
				}],
			"sum":	{
				"start":	5.000329,
				"end":	6.000687,
				"seconds":	1.000357985496521,
				"bytes":	706640,
				"bits_per_second":	5651096.98923842,
				"retransmits":	0,
				"omitted":	false,
				"sender":	true
			}
		}, {
			"streams":	[{
					"socket":	5,
					"start":	6.000687,
					"end":	7.000946,
					"seconds":	1.0002590417861938,
					"bytes":	385440,
					"bits_per_second":	3082721.4463302046,
					"retransmits":	0,
					"snd_cwnd":	0,
					"rtt":	116,
					"rttvar":	119,
					"pmtu":	892743221,
					"omitted":	false,
					"sender":	true
				}],
			"sum":	{
				"start":	6.000687,
				"end":	7.000946,
				"seconds":	1.0002590417861938,
				"bytes":	385440,
				"bits_per_second":	3082721.4463302046,
				"retransmits":	0,
				"omitted":	false,
				"sender":	true
			}
		}, {
			"streams":	[{
					"socket":	5,
					"start":	7.000946,
					"end":	8.000182,
					"seconds":	0.999235987663269,
					"bytes":	642400,
					"bits_per_second":	5143129.414321946,
					"retransmits":	0,
					"snd_cwnd":	0,
					"rtt":	116,
					"rttvar":	119,
					"pmtu":	942681651,
					"omitted":	false,
					"sender":	true
				}],
			"sum":	{
				"start":	7.000946,
				"end":	8.000182,
				"seconds":	0.999235987663269,
				"bytes":	642400,
				"bits_per_second":	5143129.414321946,
				"retransmits":	0,
				"omitted":	false,
				"sender":	true
			}
		}, {
			"streams":	[{
					"socket":	5,
					"start":	8.000182,
					"end":	9.002216,
					"seconds":	1.0020339488983154,
					"bytes":	321200,
					"bits_per_second":	2564384.1736351773,
					"retransmits":	0,
					"snd_cwnd":	0,
					"rtt":	116,
					"rttvar":	119,
					"pmtu":	875638325,
					"omitted":	false,
					"sender":	true
				}],
			"sum":	{
				"start":	8.000182,
				"end":	9.002216,
				"seconds":	1.0020339488983154,
				"bytes":	321200,
				"bits_per_second":	2564384.1736351773,
				"retransmits":	0,
				"omitted":	false,
				"sender":	true
			}
		}, {
			"streams":	[{
					"socket":	5,
					"start":	9.002216,
					"end":	10.004548,
					"seconds":	1.0023319721221924,
					"bytes":	321200,
					"bits_per_second":	2563621.7056505755,
					"retransmits":	-25969,
					"snd_cwnd":	0,
					"rtt":	0,
					"rttvar":	0,
					"pmtu":	167304,
					"omitted":	false,
					"sender":	true
				}],
			"sum":	{
				"start":	9.002216,
				"end":	10.004548,
				"seconds":	1.0023319721221924,
				"bytes":	321200,
				"bits_per_second":	2563621.7056505755,
				"retransmits":	-25969,
				"omitted":	false,
				"sender":	true
			}
		}],
	"end":	{
		"streams":	[{
				"sender":	{
					"socket":	5,
					"start":	0,
					"end":	10.004548,
					"seconds":	10.004548,
					"bytes":	8003720,
					"bits_per_second":	6400065.2503241524,
					"retransmits":	3,
					"max_snd_cwnd":	0,
					"max_rtt":	116,
					"min_rtt":	0,
					"mean_rtt":	101,
					"sender":	true
				},
				"receiver":	{
					"socket":	5,
					"start":	0,
					"end":	10.022716,
					"seconds":	10.004548,
					"bytes":	7268692,
					"bits_per_second":	5801774.2895239173,
					"sender":	true
				}
			}],
		"sum_sent":	{
			"start":	0,
			"end":	10.004548,
			"seconds":	10.004548,
			"bytes":	8003720,
			"bits_per_second":	6400065.2503241524,
			"retransmits":	3,
			"sender":	true
		},
		"sum_received":	{
			"start":	0,
			"end":	10.022716,
			"seconds":	10.022716,
			"bytes":	7268692,
			"bits_per_second":	5801774.2895239173,
			"sender":	true
		},
		"cpu_utilization_percent":	{
			"host_total":	0.93576307401710046,
			"host_user":	0.52766576562069967,
			"host_system":	0.40816392565209725,
			"remote_total":	0.11757519531238841,
			"remote_user":	0.022449645088966109,
			"remote_system":	0.095125074090970776
		},
		"sender_tcp_congestion":	"cubi@",
		"receiver_tcp_congestion":	"cubic"
	}
}
